timestamp,podName,cpu,memory
2026-05-14T23:14:45+01:00,web-6dfb8f7c74-9brb4,1m,14Mi
2026-05-14T23:14:45+01:00,web-6dfb8f7c74-lmhjz,1m,14Mi
2026-05-14T23:14:51+01:00,web-6dfb8f7c74-9brb4,1m,14Mi
2026-05-14T23:14:51+01:00,web-6dfb8f7c74-lmhjz,1m,14Mi
2026-05-14T23:14:57+01:00,web-6dfb8f7c74-9brb4,1m,14Mi
2026-05-14T23:14:57+01:00,web-6dfb8f7c74-lmhjz,1m,14Mi
2026-05-14T23:15:13+01:00,locust-driver-fvths,697m,47Mi
2026-05-14T23:15:13+01:00,web-6dfb8f7c74-9brb4,169m,14Mi
2026-05-14T23:15:13+01:00,web-6dfb8f7c74-lmhjz,119m,14Mi
2026-05-14T23:15:19+01:00,locust-driver-fvths,697m,47Mi
2026-05-14T23:15:19+01:00,web-6dfb8f7c74-9brb4,169m,14Mi
2026-05-14T23:15:19+01:00,web-6dfb8f7c74-lmhjz,119m,14Mi
2026-05-14T23:15:25+01:00,locust-driver-fvths,697m,47Mi
2026-05-14T23:15:25+01:00,web-6dfb8f7c74-9brb4,169m,14Mi
2026-05-14T23:15:25+01:00,web-6dfb8f7c74-lmhjz,119m,14Mi
2026-05-14T23:15:33+01:00,locust-driver-fvths,670m,59Mi
2026-05-14T23:15:33+01:00,web-6dfb8f7c74-9brb4,290m,14Mi
2026-05-14T23:15:33+01:00,web-6dfb8f7c74-lmhjz,329m,14Mi
2026-05-14T23:15:33+01:00,web-6dfb8f7c74-zjt2v,234m,14Mi
2026-05-14T23:15:40+01:00,locust-driver-fvths,670m,59Mi
2026-05-14T23:15:40+01:00,web-6dfb8f7c74-9brb4,290m,14Mi
2026-05-14T23:15:40+01:00,web-6dfb8f7c74-lmhjz,329m,14Mi
2026-05-14T23:15:40+01:00,web-6dfb8f7c74-zjt2v,234m,14Mi
2026-05-14T23:15:46+01:00,locust-driver-fvths,672m,71Mi
2026-05-14T23:15:46+01:00,web-6dfb8f7c74-2zdw6,123m,13Mi
2026-05-14T23:15:46+01:00,web-6dfb8f7c74-66b47,128m,14Mi
2026-05-14T23:15:46+01:00,web-6dfb8f7c74-7m4cb,154m,14Mi
2026-05-14T23:15:46+01:00,web-6dfb8f7c74-9brb4,194m,14Mi
2026-05-14T23:15:46+01:00,web-6dfb8f7c74-lmhjz,238m,14Mi
2026-05-14T23:15:46+01:00,web-6dfb8f7c74-zjt2v,233m,14Mi
2026-05-14T23:15:55+01:00,locust-driver-fvths,672m,71Mi
2026-05-14T23:15:55+01:00,web-6dfb8f7c74-2zdw6,123m,13Mi
2026-05-14T23:15:55+01:00,web-6dfb8f7c74-66b47,128m,14Mi
2026-05-14T23:15:55+01:00,web-6dfb8f7c74-7m4cb,154m,14Mi
2026-05-14T23:15:55+01:00,web-6dfb8f7c74-9brb4,194m,14Mi
2026-05-14T23:15:55+01:00,web-6dfb8f7c74-lmhjz,238m,14Mi
2026-05-14T23:15:55+01:00,web-6dfb8f7c74-zjt2v,233m,14Mi
2026-05-14T23:16:03+01:00,locust-driver-fvths,661m,78Mi
2026-05-14T23:16:03+01:00,web-6dfb8f7c74-2zdw6,124m,13Mi
2026-05-14T23:16:03+01:00,web-6dfb8f7c74-66b47,119m,14Mi
2026-05-14T23:16:03+01:00,web-6dfb8f7c74-7m4cb,109m,14Mi
2026-05-14T23:16:03+01:00,web-6dfb8f7c74-9brb4,113m,14Mi
2026-05-14T23:16:03+01:00,web-6dfb8f7c74-c659m,106m,13Mi
2026-05-14T23:16:03+01:00,web-6dfb8f7c74-lmhjz,117m,14Mi
2026-05-14T23:16:03+01:00,web-6dfb8f7c74-zjt2v,132m,14Mi
2026-05-14T23:16:09+01:00,locust-driver-fvths,661m,78Mi
2026-05-14T23:16:09+01:00,web-6dfb8f7c74-2zdw6,124m,13Mi
2026-05-14T23:16:09+01:00,web-6dfb8f7c74-66b47,119m,14Mi
2026-05-14T23:16:09+01:00,web-6dfb8f7c74-7m4cb,109m,14Mi
2026-05-14T23:16:09+01:00,web-6dfb8f7c74-9brb4,113m,14Mi
2026-05-14T23:16:09+01:00,web-6dfb8f7c74-c659m,106m,13Mi
2026-05-14T23:16:09+01:00,web-6dfb8f7c74-lmhjz,117m,14Mi
2026-05-14T23:16:09+01:00,web-6dfb8f7c74-zjt2v,132m,14Mi
2026-05-14T23:16:17+01:00,locust-driver-fvths,661m,78Mi
2026-05-14T23:16:17+01:00,web-6dfb8f7c74-2zdw6,95m,13Mi
2026-05-14T23:16:17+01:00,web-6dfb8f7c74-66b47,101m,14Mi
2026-05-14T23:16:17+01:00,web-6dfb8f7c74-7m4cb,104m,14Mi
2026-05-14T23:16:17+01:00,web-6dfb8f7c74-9brb4,113m,14Mi
2026-05-14T23:16:17+01:00,web-6dfb8f7c74-c659m,88m,13Mi
2026-05-14T23:16:17+01:00,web-6dfb8f7c74-lmhjz,93m,14Mi
2026-05-14T23:16:17+01:00,web-6dfb8f7c74-zjt2v,90m,14Mi
2026-05-14T23:16:23+01:00,locust-driver-fvths,661m,78Mi
2026-05-14T23:16:23+01:00,web-6dfb8f7c74-2zdw6,95m,13Mi
2026-05-14T23:16:23+01:00,web-6dfb8f7c74-66b47,101m,14Mi
2026-05-14T23:16:23+01:00,web-6dfb8f7c74-7m4cb,104m,14Mi
2026-05-14T23:16:23+01:00,web-6dfb8f7c74-9brb4,113m,14Mi
2026-05-14T23:16:23+01:00,web-6dfb8f7c74-c659m,88m,13Mi
2026-05-14T23:16:23+01:00,web-6dfb8f7c74-lmhjz,93m,14Mi
2026-05-14T23:16:23+01:00,web-6dfb8f7c74-zjt2v,90m,14Mi
2026-05-14T23:16:29+01:00,locust-driver-fvths,681m,78Mi
2026-05-14T23:16:29+01:00,web-6dfb8f7c74-2zdw6,92m,13Mi
2026-05-14T23:16:29+01:00,web-6dfb8f7c74-66b47,98m,14Mi
2026-05-14T23:16:29+01:00,web-6dfb8f7c74-7m4cb,104m,14Mi
2026-05-14T23:16:29+01:00,web-6dfb8f7c74-9brb4,96m,14Mi
2026-05-14T23:16:29+01:00,web-6dfb8f7c74-c659m,94m,14Mi
2026-05-14T23:16:29+01:00,web-6dfb8f7c74-lmhjz,103m,14Mi
2026-05-14T23:16:29+01:00,web-6dfb8f7c74-zjt2v,92m,14Mi
2026-05-14T23:16:35+01:00,locust-driver-fvths,681m,78Mi
2026-05-14T23:16:35+01:00,web-6dfb8f7c74-2zdw6,92m,13Mi
2026-05-14T23:16:35+01:00,web-6dfb8f7c74-66b47,98m,14Mi
2026-05-14T23:16:35+01:00,web-6dfb8f7c74-7m4cb,104m,14Mi
2026-05-14T23:16:35+01:00,web-6dfb8f7c74-9brb4,96m,14Mi
2026-05-14T23:16:35+01:00,web-6dfb8f7c74-c659m,94m,14Mi
2026-05-14T23:16:35+01:00,web-6dfb8f7c74-lmhjz,103m,14Mi
2026-05-14T23:16:35+01:00,web-6dfb8f7c74-zjt2v,92m,14Mi
2026-05-14T23:16:45+01:00,locust-driver-fvths,680m,78Mi
2026-05-14T23:16:45+01:00,web-6dfb8f7c74-2zdw6,92m,13Mi
2026-05-14T23:16:45+01:00,web-6dfb8f7c74-66b47,98m,14Mi
2026-05-14T23:16:45+01:00,web-6dfb8f7c74-7m4cb,102m,14Mi
2026-05-14T23:16:45+01:00,web-6dfb8f7c74-9brb4,98m,14Mi
2026-05-14T23:16:45+01:00,web-6dfb8f7c74-c659m,93m,14Mi
2026-05-14T23:16:45+01:00,web-6dfb8f7c74-lmhjz,102m,14Mi
2026-05-14T23:16:45+01:00,web-6dfb8f7c74-zjt2v,97m,14Mi
2026-05-14T23:16:51+01:00,locust-driver-fvths,680m,78Mi
2026-05-14T23:16:51+01:00,web-6dfb8f7c74-2zdw6,92m,13Mi
2026-05-14T23:16:51+01:00,web-6dfb8f7c74-66b47,98m,14Mi
2026-05-14T23:16:51+01:00,web-6dfb8f7c74-7m4cb,102m,14Mi
2026-05-14T23:16:51+01:00,web-6dfb8f7c74-9brb4,98m,14Mi
2026-05-14T23:16:51+01:00,web-6dfb8f7c74-c659m,93m,14Mi
2026-05-14T23:16:51+01:00,web-6dfb8f7c74-lmhjz,102m,14Mi
2026-05-14T23:16:51+01:00,web-6dfb8f7c74-zjt2v,97m,14Mi
2026-05-14T23:16:57+01:00,locust-driver-fvths,680m,78Mi
2026-05-14T23:16:57+01:00,web-6dfb8f7c74-2zdw6,92m,13Mi
2026-05-14T23:16:57+01:00,web-6dfb8f7c74-66b47,98m,14Mi
2026-05-14T23:16:57+01:00,web-6dfb8f7c74-7m4cb,102m,14Mi
2026-05-14T23:16:57+01:00,web-6dfb8f7c74-9brb4,98m,14Mi
2026-05-14T23:16:57+01:00,web-6dfb8f7c74-c659m,93m,14Mi
2026-05-14T23:16:57+01:00,web-6dfb8f7c74-lmhjz,102m,14Mi
2026-05-14T23:16:57+01:00,web-6dfb8f7c74-zjt2v,97m,14Mi
2026-05-14T23:17:03+01:00,locust-driver-fvths,681m,78Mi
2026-05-14T23:17:03+01:00,web-6dfb8f7c74-2zdw6,98m,13Mi
2026-05-14T23:17:03+01:00,web-6dfb8f7c74-66b47,95m,14Mi
2026-05-14T23:17:03+01:00,web-6dfb8f7c74-7m4cb,105m,14Mi
2026-05-14T23:17:03+01:00,web-6dfb8f7c74-9brb4,97m,14Mi
2026-05-14T23:17:03+01:00,web-6dfb8f7c74-c659m,93m,14Mi
2026-05-14T23:17:03+01:00,web-6dfb8f7c74-lmhjz,99m,14Mi
2026-05-14T23:17:03+01:00,web-6dfb8f7c74-zjt2v,86m,14Mi
2026-05-14T23:17:09+01:00,locust-driver-fvths,681m,78Mi
2026-05-14T23:17:09+01:00,web-6dfb8f7c74-2zdw6,98m,13Mi
2026-05-14T23:17:09+01:00,web-6dfb8f7c74-66b47,95m,14Mi
2026-05-14T23:17:09+01:00,web-6dfb8f7c74-7m4cb,105m,14Mi
2026-05-14T23:17:09+01:00,web-6dfb8f7c74-9brb4,97m,14Mi
2026-05-14T23:17:09+01:00,web-6dfb8f7c74-c659m,93m,14Mi
2026-05-14T23:17:09+01:00,web-6dfb8f7c74-lmhjz,99m,14Mi
2026-05-14T23:17:09+01:00,web-6dfb8f7c74-zjt2v,86m,14Mi
2026-05-14T23:17:15+01:00,locust-driver-fvths,685m,78Mi
2026-05-14T23:17:15+01:00,web-6dfb8f7c74-2zdw6,92m,13Mi
2026-05-14T23:17:15+01:00,web-6dfb8f7c74-66b47,102m,14Mi
2026-05-14T23:17:15+01:00,web-6dfb8f7c74-7m4cb,107m,14Mi
2026-05-14T23:17:15+01:00,web-6dfb8f7c74-9brb4,101m,14Mi
2026-05-14T23:17:15+01:00,web-6dfb8f7c74-c659m,86m,14Mi
2026-05-14T23:17:15+01:00,web-6dfb8f7c74-lmhjz,102m,14Mi
2026-05-14T23:17:15+01:00,web-6dfb8f7c74-zjt2v,92m,14Mi
2026-05-14T23:17:21+01:00,locust-driver-fvths,685m,78Mi
2026-05-14T23:17:21+01:00,web-6dfb8f7c74-2zdw6,92m,13Mi
2026-05-14T23:17:21+01:00,web-6dfb8f7c74-66b47,102m,14Mi
2026-05-14T23:17:21+01:00,web-6dfb8f7c74-7m4cb,107m,14Mi
2026-05-14T23:17:21+01:00,web-6dfb8f7c74-9brb4,101m,14Mi
2026-05-14T23:17:21+01:00,web-6dfb8f7c74-c659m,86m,14Mi
2026-05-14T23:17:21+01:00,web-6dfb8f7c74-lmhjz,102m,14Mi
2026-05-14T23:17:21+01:00,web-6dfb8f7c74-zjt2v,92m,14Mi
2026-05-14T23:17:33+01:00,locust-driver-fvths,688m,78Mi
2026-05-14T23:17:33+01:00,web-6dfb8f7c74-2zdw6,96m,13Mi
2026-05-14T23:17:33+01:00,web-6dfb8f7c74-66b47,97m,14Mi
2026-05-14T23:17:33+01:00,web-6dfb8f7c74-7m4cb,105m,14Mi
2026-05-14T23:17:33+01:00,web-6dfb8f7c74-9brb4,101m,14Mi
2026-05-14T23:17:33+01:00,web-6dfb8f7c74-c659m,90m,14Mi
2026-05-14T23:17:33+01:00,web-6dfb8f7c74-lmhjz,104m,14Mi
2026-05-14T23:17:33+01:00,web-6dfb8f7c74-zjt2v,89m,14Mi
2026-05-14T23:17:39+01:00,locust-driver-fvths,688m,78Mi
2026-05-14T23:17:39+01:00,web-6dfb8f7c74-2zdw6,96m,13Mi
2026-05-14T23:17:39+01:00,web-6dfb8f7c74-66b47,97m,14Mi
2026-05-14T23:17:39+01:00,web-6dfb8f7c74-7m4cb,105m,14Mi
2026-05-14T23:17:39+01:00,web-6dfb8f7c74-9brb4,101m,14Mi
2026-05-14T23:17:39+01:00,web-6dfb8f7c74-c659m,90m,14Mi
2026-05-14T23:17:39+01:00,web-6dfb8f7c74-lmhjz,104m,14Mi
2026-05-14T23:17:39+01:00,web-6dfb8f7c74-zjt2v,89m,14Mi
2026-05-14T23:17:44+01:00,locust-driver-fvths,680m,78Mi
2026-05-14T23:17:44+01:00,web-6dfb8f7c74-2zdw6,87m,13Mi
2026-05-14T23:17:44+01:00,web-6dfb8f7c74-66b47,92m,14Mi
2026-05-14T23:17:44+01:00,web-6dfb8f7c74-7m4cb,102m,14Mi
2026-05-14T23:17:44+01:00,web-6dfb8f7c74-9brb4,102m,14Mi
2026-05-14T23:17:44+01:00,web-6dfb8f7c74-c659m,91m,14Mi
2026-05-14T23:17:44+01:00,web-6dfb8f7c74-lmhjz,98m,14Mi
2026-05-14T23:17:44+01:00,web-6dfb8f7c74-zjt2v,94m,14Mi
2026-05-14T23:17:54+01:00,locust-driver-fvths,680m,78Mi
2026-05-14T23:17:54+01:00,web-6dfb8f7c74-2zdw6,87m,13Mi
2026-05-14T23:17:54+01:00,web-6dfb8f7c74-66b47,92m,14Mi
2026-05-14T23:17:54+01:00,web-6dfb8f7c74-7m4cb,102m,14Mi
2026-05-14T23:17:54+01:00,web-6dfb8f7c74-9brb4,102m,14Mi
2026-05-14T23:17:54+01:00,web-6dfb8f7c74-c659m,91m,14Mi
2026-05-14T23:17:54+01:00,web-6dfb8f7c74-lmhjz,98m,14Mi
2026-05-14T23:17:54+01:00,web-6dfb8f7c74-zjt2v,94m,14Mi
2026-05-14T23:18:00+01:00,locust-driver-fvths,685m,78Mi
2026-05-14T23:18:00+01:00,web-6dfb8f7c74-2zdw6,94m,14Mi
2026-05-14T23:18:00+01:00,web-6dfb8f7c74-66b47,101m,14Mi
2026-05-14T23:18:00+01:00,web-6dfb8f7c74-7m4cb,108m,14Mi
2026-05-14T23:18:00+01:00,web-6dfb8f7c74-9brb4,104m,14Mi
2026-05-14T23:18:00+01:00,web-6dfb8f7c74-c659m,89m,14Mi
2026-05-14T23:18:00+01:00,web-6dfb8f7c74-lmhjz,101m,14Mi
2026-05-14T23:18:00+01:00,web-6dfb8f7c74-zjt2v,100m,14Mi
2026-05-14T23:18:06+01:00,locust-driver-fvths,685m,78Mi
2026-05-14T23:18:06+01:00,web-6dfb8f7c74-2zdw6,94m,14Mi
2026-05-14T23:18:06+01:00,web-6dfb8f7c74-66b47,101m,14Mi
2026-05-14T23:18:06+01:00,web-6dfb8f7c74-7m4cb,108m,14Mi
2026-05-14T23:18:06+01:00,web-6dfb8f7c74-9brb4,104m,14Mi
2026-05-14T23:18:06+01:00,web-6dfb8f7c74-c659m,89m,14Mi
2026-05-14T23:18:06+01:00,web-6dfb8f7c74-lmhjz,101m,14Mi
2026-05-14T23:18:06+01:00,web-6dfb8f7c74-zjt2v,100m,14Mi
2026-05-14T23:18:12+01:00,locust-driver-fvths,685m,78Mi
2026-05-14T23:18:12+01:00,web-6dfb8f7c74-2zdw6,90m,13Mi
2026-05-14T23:18:12+01:00,web-6dfb8f7c74-66b47,94m,14Mi
2026-05-14T23:18:12+01:00,web-6dfb8f7c74-7m4cb,108m,14Mi
2026-05-14T23:18:12+01:00,web-6dfb8f7c74-9brb4,103m,14Mi
2026-05-14T23:18:12+01:00,web-6dfb8f7c74-c659m,84m,14Mi
2026-05-14T23:18:12+01:00,web-6dfb8f7c74-lmhjz,81m,14Mi
2026-05-14T23:18:12+01:00,web-6dfb8f7c74-zjt2v,88m,14Mi
2026-05-14T23:18:25+01:00,locust-driver-fvths,685m,78Mi
2026-05-14T23:18:25+01:00,web-6dfb8f7c74-2zdw6,90m,13Mi
2026-05-14T23:18:25+01:00,web-6dfb8f7c74-66b47,94m,14Mi
2026-05-14T23:18:25+01:00,web-6dfb8f7c74-7m4cb,108m,14Mi
2026-05-14T23:18:25+01:00,web-6dfb8f7c74-9brb4,103m,14Mi
2026-05-14T23:18:25+01:00,web-6dfb8f7c74-c659m,84m,14Mi
2026-05-14T23:18:25+01:00,web-6dfb8f7c74-lmhjz,81m,14Mi
2026-05-14T23:18:25+01:00,web-6dfb8f7c74-zjt2v,88m,14Mi
2026-05-14T23:18:30+01:00,locust-driver-fvths,576m,79Mi
2026-05-14T23:18:30+01:00,web-6dfb8f7c74-2zdw6,73m,13Mi
2026-05-14T23:18:30+01:00,web-6dfb8f7c74-66b47,74m,14Mi
2026-05-14T23:18:30+01:00,web-6dfb8f7c74-7m4cb,94m,14Mi
2026-05-14T23:18:30+01:00,web-6dfb8f7c74-9brb4,77m,14Mi
2026-05-14T23:18:30+01:00,web-6dfb8f7c74-c659m,88m,14Mi
2026-05-14T23:18:30+01:00,web-6dfb8f7c74-lmhjz,86m,14Mi
2026-05-14T23:18:30+01:00,web-6dfb8f7c74-zjt2v,74m,14Mi
2026-05-14T23:18:36+01:00,locust-driver-fvths,576m,79Mi
2026-05-14T23:18:36+01:00,web-6dfb8f7c74-2zdw6,73m,13Mi
2026-05-14T23:18:36+01:00,web-6dfb8f7c74-66b47,74m,14Mi
2026-05-14T23:18:36+01:00,web-6dfb8f7c74-7m4cb,94m,14Mi
2026-05-14T23:18:36+01:00,web-6dfb8f7c74-9brb4,77m,14Mi
2026-05-14T23:18:36+01:00,web-6dfb8f7c74-c659m,88m,14Mi
2026-05-14T23:18:36+01:00,web-6dfb8f7c74-lmhjz,86m,14Mi
2026-05-14T23:18:36+01:00,web-6dfb8f7c74-zjt2v,74m,14Mi
2026-05-14T23:18:44+01:00,locust-driver-fvths,682m,79Mi
2026-05-14T23:18:44+01:00,web-6dfb8f7c74-2zdw6,89m,14Mi
2026-05-14T23:18:44+01:00,web-6dfb8f7c74-66b47,100m,14Mi
2026-05-14T23:18:44+01:00,web-6dfb8f7c74-7m4cb,104m,14Mi
2026-05-14T23:18:44+01:00,web-6dfb8f7c74-9brb4,96m,14Mi
2026-05-14T23:18:44+01:00,web-6dfb8f7c74-c659m,91m,14Mi
2026-05-14T23:18:44+01:00,web-6dfb8f7c74-lmhjz,93m,14Mi
2026-05-14T23:18:44+01:00,web-6dfb8f7c74-zjt2v,96m,14Mi
2026-05-14T23:18:50+01:00,locust-driver-fvths,682m,79Mi
2026-05-14T23:18:50+01:00,web-6dfb8f7c74-2zdw6,89m,14Mi
2026-05-14T23:18:50+01:00,web-6dfb8f7c74-66b47,100m,14Mi
2026-05-14T23:18:50+01:00,web-6dfb8f7c74-7m4cb,104m,14Mi
2026-05-14T23:18:50+01:00,web-6dfb8f7c74-9brb4,96m,14Mi
2026-05-14T23:18:50+01:00,web-6dfb8f7c74-c659m,91m,14Mi
2026-05-14T23:18:50+01:00,web-6dfb8f7c74-lmhjz,93m,14Mi
2026-05-14T23:18:50+01:00,web-6dfb8f7c74-zjt2v,96m,14Mi
2026-05-14T23:18:55+01:00,locust-driver-fvths,685m,79Mi
2026-05-14T23:18:55+01:00,web-6dfb8f7c74-2zdw6,90m,14Mi
2026-05-14T23:18:55+01:00,web-6dfb8f7c74-66b47,108m,14Mi
2026-05-14T23:18:55+01:00,web-6dfb8f7c74-7m4cb,97m,14Mi
2026-05-14T23:18:55+01:00,web-6dfb8f7c74-9brb4,102m,14Mi
2026-05-14T23:18:55+01:00,web-6dfb8f7c74-c659m,89m,14Mi
2026-05-14T23:18:55+01:00,web-6dfb8f7c74-lmhjz,93m,14Mi
2026-05-14T23:18:55+01:00,web-6dfb8f7c74-zjt2v,94m,14Mi
2026-05-14T23:19:04+01:00,locust-driver-fvths,685m,79Mi
2026-05-14T23:19:04+01:00,web-6dfb8f7c74-2zdw6,90m,14Mi
2026-05-14T23:19:04+01:00,web-6dfb8f7c74-66b47,108m,14Mi
2026-05-14T23:19:04+01:00,web-6dfb8f7c74-7m4cb,97m,14Mi
2026-05-14T23:19:04+01:00,web-6dfb8f7c74-9brb4,102m,14Mi
2026-05-14T23:19:04+01:00,web-6dfb8f7c74-c659m,89m,14Mi
2026-05-14T23:19:04+01:00,web-6dfb8f7c74-lmhjz,93m,14Mi
2026-05-14T23:19:04+01:00,web-6dfb8f7c74-zjt2v,94m,14Mi
2026-05-14T23:19:13+01:00,locust-driver-fvths,685m,79Mi
2026-05-14T23:19:13+01:00,web-6dfb8f7c74-2zdw6,90m,14Mi
2026-05-14T23:19:13+01:00,web-6dfb8f7c74-66b47,108m,14Mi
2026-05-14T23:19:13+01:00,web-6dfb8f7c74-7m4cb,97m,14Mi
2026-05-14T23:19:13+01:00,web-6dfb8f7c74-9brb4,102m,14Mi
2026-05-14T23:19:13+01:00,web-6dfb8f7c74-c659m,89m,14Mi
2026-05-14T23:19:13+01:00,web-6dfb8f7c74-lmhjz,93m,14Mi
2026-05-14T23:19:13+01:00,web-6dfb8f7c74-zjt2v,94m,14Mi
2026-05-14T23:19:18+01:00,locust-driver-fvths,674m,79Mi
2026-05-14T23:19:18+01:00,web-6dfb8f7c74-2zdw6,90m,14Mi
2026-05-14T23:19:18+01:00,web-6dfb8f7c74-66b47,101m,14Mi
2026-05-14T23:19:18+01:00,web-6dfb8f7c74-7m4cb,94m,14Mi
2026-05-14T23:19:18+01:00,web-6dfb8f7c74-9brb4,103m,14Mi
2026-05-14T23:19:18+01:00,web-6dfb8f7c74-c659m,96m,14Mi
2026-05-14T23:19:18+01:00,web-6dfb8f7c74-lmhjz,92m,14Mi
2026-05-14T23:19:18+01:00,web-6dfb8f7c74-zjt2v,98m,14Mi
2026-05-14T23:19:24+01:00,locust-driver-fvths,674m,79Mi
2026-05-14T23:19:24+01:00,web-6dfb8f7c74-2zdw6,90m,14Mi
2026-05-14T23:19:24+01:00,web-6dfb8f7c74-66b47,101m,14Mi
2026-05-14T23:19:24+01:00,web-6dfb8f7c74-7m4cb,94m,14Mi
2026-05-14T23:19:24+01:00,web-6dfb8f7c74-9brb4,103m,14Mi
2026-05-14T23:19:24+01:00,web-6dfb8f7c74-c659m,96m,14Mi
2026-05-14T23:19:24+01:00,web-6dfb8f7c74-lmhjz,92m,14Mi
2026-05-14T23:19:24+01:00,web-6dfb8f7c74-zjt2v,98m,14Mi
2026-05-14T23:19:32+01:00,locust-driver-fvths,678m,79Mi
2026-05-14T23:19:32+01:00,web-6dfb8f7c74-2zdw6,94m,14Mi
2026-05-14T23:19:32+01:00,web-6dfb8f7c74-66b47,101m,14Mi
2026-05-14T23:19:32+01:00,web-6dfb8f7c74-7m4cb,99m,14Mi
2026-05-14T23:19:32+01:00,web-6dfb8f7c74-9brb4,102m,14Mi
2026-05-14T23:19:32+01:00,web-6dfb8f7c74-c659m,91m,14Mi
2026-05-14T23:19:32+01:00,web-6dfb8f7c74-lmhjz,99m,14Mi
2026-05-14T23:19:32+01:00,web-6dfb8f7c74-zjt2v,91m,14Mi
2026-05-14T23:19:39+01:00,locust-driver-fvths,678m,79Mi
2026-05-14T23:19:39+01:00,web-6dfb8f7c74-2zdw6,94m,14Mi
2026-05-14T23:19:39+01:00,web-6dfb8f7c74-66b47,101m,14Mi
2026-05-14T23:19:39+01:00,web-6dfb8f7c74-7m4cb,99m,14Mi
2026-05-14T23:19:39+01:00,web-6dfb8f7c74-9brb4,102m,14Mi
2026-05-14T23:19:39+01:00,web-6dfb8f7c74-c659m,91m,14Mi
2026-05-14T23:19:39+01:00,web-6dfb8f7c74-lmhjz,99m,14Mi
2026-05-14T23:19:39+01:00,web-6dfb8f7c74-zjt2v,91m,14Mi
2026-05-14T23:19:45+01:00,locust-driver-fvths,679m,79Mi
2026-05-14T23:19:45+01:00,web-6dfb8f7c74-2zdw6,94m,14Mi
2026-05-14T23:19:45+01:00,web-6dfb8f7c74-66b47,97m,14Mi
2026-05-14T23:19:45+01:00,web-6dfb8f7c74-7m4cb,100m,14Mi
2026-05-14T23:19:45+01:00,web-6dfb8f7c74-9brb4,102m,14Mi
2026-05-14T23:19:45+01:00,web-6dfb8f7c74-c659m,91m,14Mi
2026-05-14T23:19:45+01:00,web-6dfb8f7c74-lmhjz,93m,14Mi
2026-05-14T23:19:45+01:00,web-6dfb8f7c74-zjt2v,98m,14Mi
2026-05-14T23:19:51+01:00,locust-driver-fvths,679m,79Mi
2026-05-14T23:19:51+01:00,web-6dfb8f7c74-2zdw6,94m,14Mi
2026-05-14T23:19:51+01:00,web-6dfb8f7c74-66b47,97m,14Mi
2026-05-14T23:19:51+01:00,web-6dfb8f7c74-7m4cb,100m,14Mi
2026-05-14T23:19:51+01:00,web-6dfb8f7c74-9brb4,102m,14Mi
2026-05-14T23:19:51+01:00,web-6dfb8f7c74-c659m,91m,14Mi
2026-05-14T23:19:51+01:00,web-6dfb8f7c74-lmhjz,93m,14Mi
2026-05-14T23:19:51+01:00,web-6dfb8f7c74-zjt2v,98m,14Mi
2026-05-14T23:19:57+01:00,locust-driver-fvths,679m,79Mi
2026-05-14T23:19:57+01:00,web-6dfb8f7c74-2zdw6,94m,14Mi
2026-05-14T23:19:57+01:00,web-6dfb8f7c74-66b47,97m,14Mi
2026-05-14T23:19:57+01:00,web-6dfb8f7c74-7m4cb,100m,14Mi
2026-05-14T23:19:57+01:00,web-6dfb8f7c74-9brb4,102m,14Mi
2026-05-14T23:19:57+01:00,web-6dfb8f7c74-c659m,91m,14Mi
2026-05-14T23:19:57+01:00,web-6dfb8f7c74-lmhjz,93m,14Mi
2026-05-14T23:19:57+01:00,web-6dfb8f7c74-zjt2v,98m,14Mi
2026-05-14T23:20:02+01:00,locust-driver-fvths,685m,79Mi
2026-05-14T23:20:02+01:00,web-6dfb8f7c74-2zdw6,99m,14Mi
2026-05-14T23:20:02+01:00,web-6dfb8f7c74-66b47,97m,14Mi
2026-05-14T23:20:02+01:00,web-6dfb8f7c74-7m4cb,97m,14Mi
2026-05-14T23:20:02+01:00,web-6dfb8f7c74-9brb4,105m,14Mi
2026-05-14T23:20:02+01:00,web-6dfb8f7c74-c659m,91m,14Mi
2026-05-14T23:20:02+01:00,web-6dfb8f7c74-lmhjz,101m,14Mi
2026-05-14T23:20:02+01:00,web-6dfb8f7c74-zjt2v,89m,14Mi
2026-05-14T23:20:08+01:00,locust-driver-fvths,685m,79Mi
2026-05-14T23:20:08+01:00,web-6dfb8f7c74-2zdw6,99m,14Mi
2026-05-14T23:20:08+01:00,web-6dfb8f7c74-66b47,97m,14Mi
2026-05-14T23:20:08+01:00,web-6dfb8f7c74-7m4cb,97m,14Mi
2026-05-14T23:20:08+01:00,web-6dfb8f7c74-9brb4,105m,14Mi
2026-05-14T23:20:08+01:00,web-6dfb8f7c74-c659m,91m,14Mi
2026-05-14T23:20:08+01:00,web-6dfb8f7c74-lmhjz,101m,14Mi
2026-05-14T23:20:08+01:00,web-6dfb8f7c74-zjt2v,89m,14Mi
2026-05-14T23:20:14+01:00,locust-driver-fvths,677m,79Mi
2026-05-14T23:20:14+01:00,web-6dfb8f7c74-2zdw6,92m,14Mi
2026-05-14T23:20:14+01:00,web-6dfb8f7c74-66b47,99m,14Mi
2026-05-14T23:20:14+01:00,web-6dfb8f7c74-7m4cb,97m,14Mi
2026-05-14T23:20:14+01:00,web-6dfb8f7c74-9brb4,103m,14Mi
2026-05-14T23:20:14+01:00,web-6dfb8f7c74-c659m,92m,14Mi
2026-05-14T23:20:14+01:00,web-6dfb8f7c74-lmhjz,96m,14Mi
2026-05-14T23:20:14+01:00,web-6dfb8f7c74-zjt2v,91m,14Mi
2026-05-14T23:20:20+01:00,locust-driver-fvths,677m,79Mi
2026-05-14T23:20:20+01:00,web-6dfb8f7c74-2zdw6,92m,14Mi
2026-05-14T23:20:20+01:00,web-6dfb8f7c74-66b47,99m,14Mi
2026-05-14T23:20:20+01:00,web-6dfb8f7c74-7m4cb,97m,14Mi
2026-05-14T23:20:20+01:00,web-6dfb8f7c74-9brb4,103m,14Mi
2026-05-14T23:20:20+01:00,web-6dfb8f7c74-c659m,92m,14Mi
2026-05-14T23:20:20+01:00,web-6dfb8f7c74-lmhjz,96m,14Mi
2026-05-14T23:20:20+01:00,web-6dfb8f7c74-zjt2v,91m,14Mi
2026-05-14T23:20:26+01:00,locust-driver-fvths,677m,79Mi
2026-05-14T23:20:26+01:00,web-6dfb8f7c74-2zdw6,92m,14Mi
2026-05-14T23:20:26+01:00,web-6dfb8f7c74-66b47,99m,14Mi
2026-05-14T23:20:26+01:00,web-6dfb8f7c74-7m4cb,97m,14Mi
2026-05-14T23:20:26+01:00,web-6dfb8f7c74-9brb4,103m,14Mi
2026-05-14T23:20:26+01:00,web-6dfb8f7c74-c659m,92m,14Mi
2026-05-14T23:20:26+01:00,web-6dfb8f7c74-lmhjz,96m,14Mi
2026-05-14T23:20:26+01:00,web-6dfb8f7c74-zjt2v,91m,14Mi
2026-05-14T23:20:31+01:00,locust-driver-fvths,677m,79Mi
2026-05-14T23:20:31+01:00,web-6dfb8f7c74-2zdw6,92m,14Mi
2026-05-14T23:20:31+01:00,web-6dfb8f7c74-66b47,98m,14Mi
2026-05-14T23:20:31+01:00,web-6dfb8f7c74-7m4cb,110m,14Mi
2026-05-14T23:20:31+01:00,web-6dfb8f7c74-9brb4,105m,14Mi
2026-05-14T23:20:31+01:00,web-6dfb8f7c74-c659m,93m,14Mi
2026-05-14T23:20:31+01:00,web-6dfb8f7c74-lmhjz,96m,14Mi
2026-05-14T23:20:31+01:00,web-6dfb8f7c74-zjt2v,94m,14Mi
2026-05-14T23:20:37+01:00,locust-driver-fvths,677m,79Mi
2026-05-14T23:20:37+01:00,web-6dfb8f7c74-2zdw6,92m,14Mi
2026-05-14T23:20:37+01:00,web-6dfb8f7c74-66b47,98m,14Mi
2026-05-14T23:20:37+01:00,web-6dfb8f7c74-7m4cb,110m,14Mi
2026-05-14T23:20:37+01:00,web-6dfb8f7c74-9brb4,105m,14Mi
2026-05-14T23:20:37+01:00,web-6dfb8f7c74-c659m,93m,14Mi
2026-05-14T23:20:37+01:00,web-6dfb8f7c74-lmhjz,96m,14Mi
2026-05-14T23:20:37+01:00,web-6dfb8f7c74-zjt2v,94m,14Mi
2026-05-14T23:20:43+01:00,locust-driver-fvths,682m,79Mi
2026-05-14T23:20:43+01:00,web-6dfb8f7c74-2zdw6,92m,14Mi
2026-05-14T23:20:43+01:00,web-6dfb8f7c74-66b47,98m,14Mi
2026-05-14T23:20:43+01:00,web-6dfb8f7c74-7m4cb,98m,14Mi
2026-05-14T23:20:43+01:00,web-6dfb8f7c74-9brb4,98m,14Mi
2026-05-14T23:20:43+01:00,web-6dfb8f7c74-c659m,97m,14Mi
2026-05-14T23:20:43+01:00,web-6dfb8f7c74-lmhjz,99m,14Mi
2026-05-14T23:20:43+01:00,web-6dfb8f7c74-zjt2v,91m,14Mi
2026-05-14T23:20:49+01:00,locust-driver-fvths,682m,79Mi
2026-05-14T23:20:49+01:00,web-6dfb8f7c74-2zdw6,92m,14Mi
2026-05-14T23:20:49+01:00,web-6dfb8f7c74-66b47,98m,14Mi
2026-05-14T23:20:49+01:00,web-6dfb8f7c74-7m4cb,98m,14Mi
2026-05-14T23:20:49+01:00,web-6dfb8f7c74-9brb4,98m,14Mi
2026-05-14T23:20:49+01:00,web-6dfb8f7c74-c659m,97m,14Mi
2026-05-14T23:20:49+01:00,web-6dfb8f7c74-lmhjz,99m,14Mi
2026-05-14T23:20:49+01:00,web-6dfb8f7c74-zjt2v,91m,14Mi
2026-05-14T23:20:55+01:00,locust-driver-fvths,682m,79Mi
2026-05-14T23:20:55+01:00,web-6dfb8f7c74-2zdw6,92m,14Mi
2026-05-14T23:20:55+01:00,web-6dfb8f7c74-66b47,98m,14Mi
2026-05-14T23:20:55+01:00,web-6dfb8f7c74-7m4cb,98m,14Mi
2026-05-14T23:20:55+01:00,web-6dfb8f7c74-9brb4,98m,14Mi
2026-05-14T23:20:55+01:00,web-6dfb8f7c74-c659m,97m,14Mi
2026-05-14T23:20:55+01:00,web-6dfb8f7c74-lmhjz,99m,14Mi
2026-05-14T23:20:55+01:00,web-6dfb8f7c74-zjt2v,91m,14Mi
2026-05-14T23:21:04+01:00,locust-driver-fvths,682m,79Mi
2026-05-14T23:21:04+01:00,web-6dfb8f7c74-2zdw6,86m,14Mi
2026-05-14T23:21:04+01:00,web-6dfb8f7c74-66b47,97m,14Mi
2026-05-14T23:21:04+01:00,web-6dfb8f7c74-7m4cb,102m,14Mi
2026-05-14T23:21:04+01:00,web-6dfb8f7c74-9brb4,107m,14Mi
2026-05-14T23:21:04+01:00,web-6dfb8f7c74-c659m,93m,14Mi
2026-05-14T23:21:04+01:00,web-6dfb8f7c74-lmhjz,100m,14Mi
2026-05-14T23:21:04+01:00,web-6dfb8f7c74-zjt2v,98m,14Mi
2026-05-14T23:21:10+01:00,locust-driver-fvths,682m,79Mi
2026-05-14T23:21:10+01:00,web-6dfb8f7c74-2zdw6,86m,14Mi
2026-05-14T23:21:10+01:00,web-6dfb8f7c74-66b47,97m,14Mi
2026-05-14T23:21:10+01:00,web-6dfb8f7c74-7m4cb,102m,14Mi
2026-05-14T23:21:10+01:00,web-6dfb8f7c74-9brb4,107m,14Mi
2026-05-14T23:21:10+01:00,web-6dfb8f7c74-c659m,93m,14Mi
2026-05-14T23:21:10+01:00,web-6dfb8f7c74-lmhjz,100m,14Mi
2026-05-14T23:21:10+01:00,web-6dfb8f7c74-zjt2v,98m,14Mi
2026-05-14T23:21:16+01:00,locust-driver-fvths,684m,79Mi
2026-05-14T23:21:16+01:00,web-6dfb8f7c74-2zdw6,94m,14Mi
2026-05-14T23:21:16+01:00,web-6dfb8f7c74-66b47,93m,14Mi
2026-05-14T23:21:16+01:00,web-6dfb8f7c74-7m4cb,116m,14Mi
2026-05-14T23:21:16+01:00,web-6dfb8f7c74-9brb4,107m,14Mi
2026-05-14T23:21:16+01:00,web-6dfb8f7c74-c659m,92m,14Mi
2026-05-14T23:21:16+01:00,web-6dfb8f7c74-lmhjz,92m,14Mi
2026-05-14T23:21:16+01:00,web-6dfb8f7c74-zjt2v,97m,14Mi
2026-05-14T23:21:23+01:00,locust-driver-fvths,684m,79Mi
2026-05-14T23:21:23+01:00,web-6dfb8f7c74-2zdw6,94m,14Mi
2026-05-14T23:21:23+01:00,web-6dfb8f7c74-66b47,93m,14Mi
2026-05-14T23:21:23+01:00,web-6dfb8f7c74-7m4cb,116m,14Mi
2026-05-14T23:21:23+01:00,web-6dfb8f7c74-9brb4,107m,14Mi
2026-05-14T23:21:23+01:00,web-6dfb8f7c74-c659m,92m,14Mi
2026-05-14T23:21:23+01:00,web-6dfb8f7c74-lmhjz,92m,14Mi
2026-05-14T23:21:23+01:00,web-6dfb8f7c74-zjt2v,97m,14Mi
2026-05-14T23:21:31+01:00,locust-driver-fvths,672m,79Mi
2026-05-14T23:21:31+01:00,web-6dfb8f7c74-2zdw6,99m,14Mi
2026-05-14T23:21:31+01:00,web-6dfb8f7c74-66b47,98m,14Mi
2026-05-14T23:21:31+01:00,web-6dfb8f7c74-7m4cb,116m,14Mi
2026-05-14T23:21:31+01:00,web-6dfb8f7c74-9brb4,103m,14Mi
2026-05-14T23:21:31+01:00,web-6dfb8f7c74-c659m,91m,14Mi
2026-05-14T23:21:31+01:00,web-6dfb8f7c74-lmhjz,94m,14Mi
2026-05-14T23:21:31+01:00,web-6dfb8f7c74-zjt2v,89m,14Mi
2026-05-14T23:21:40+01:00,locust-driver-fvths,672m,79Mi
2026-05-14T23:21:40+01:00,web-6dfb8f7c74-2zdw6,99m,14Mi
2026-05-14T23:21:40+01:00,web-6dfb8f7c74-66b47,98m,14Mi
2026-05-14T23:21:40+01:00,web-6dfb8f7c74-7m4cb,116m,14Mi
2026-05-14T23:21:40+01:00,web-6dfb8f7c74-9brb4,103m,14Mi
2026-05-14T23:21:40+01:00,web-6dfb8f7c74-c659m,91m,14Mi
2026-05-14T23:21:40+01:00,web-6dfb8f7c74-lmhjz,94m,14Mi
2026-05-14T23:21:40+01:00,web-6dfb8f7c74-zjt2v,89m,14Mi
2026-05-14T23:21:48+01:00,locust-driver-fvths,676m,79Mi
2026-05-14T23:21:48+01:00,web-6dfb8f7c74-2zdw6,90m,14Mi
2026-05-14T23:21:48+01:00,web-6dfb8f7c74-66b47,104m,14Mi
2026-05-14T23:21:48+01:00,web-6dfb8f7c74-7m4cb,108m,14Mi
2026-05-14T23:21:48+01:00,web-6dfb8f7c74-9brb4,107m,14Mi
2026-05-14T23:21:48+01:00,web-6dfb8f7c74-c659m,93m,14Mi
2026-05-14T23:21:48+01:00,web-6dfb8f7c74-lmhjz,97m,14Mi
2026-05-14T23:21:48+01:00,web-6dfb8f7c74-zjt2v,89m,14Mi
2026-05-14T23:22:03+01:00,locust-driver-fvths,676m,79Mi
2026-05-14T23:22:03+01:00,web-6dfb8f7c74-2zdw6,97m,14Mi
2026-05-14T23:22:03+01:00,web-6dfb8f7c74-66b47,96m,14Mi
2026-05-14T23:22:03+01:00,web-6dfb8f7c74-7m4cb,100m,14Mi
2026-05-14T23:22:03+01:00,web-6dfb8f7c74-9brb4,102m,14Mi
2026-05-14T23:22:03+01:00,web-6dfb8f7c74-c659m,92m,14Mi
2026-05-14T23:22:03+01:00,web-6dfb8f7c74-lmhjz,97m,14Mi
2026-05-14T23:22:03+01:00,web-6dfb8f7c74-zjt2v,96m,14Mi
2026-05-14T23:22:10+01:00,locust-driver-fvths,676m,79Mi
2026-05-14T23:22:10+01:00,web-6dfb8f7c74-2zdw6,97m,14Mi
2026-05-14T23:22:10+01:00,web-6dfb8f7c74-66b47,96m,14Mi
2026-05-14T23:22:10+01:00,web-6dfb8f7c74-7m4cb,100m,14Mi
2026-05-14T23:22:10+01:00,web-6dfb8f7c74-9brb4,102m,14Mi
2026-05-14T23:22:10+01:00,web-6dfb8f7c74-c659m,92m,14Mi
2026-05-14T23:22:10+01:00,web-6dfb8f7c74-lmhjz,97m,14Mi
2026-05-14T23:22:10+01:00,web-6dfb8f7c74-zjt2v,96m,14Mi
2026-05-14T23:22:18+01:00,locust-driver-fvths,674m,79Mi
2026-05-14T23:22:18+01:00,web-6dfb8f7c74-2zdw6,92m,14Mi
2026-05-14T23:22:18+01:00,web-6dfb8f7c74-66b47,93m,14Mi
2026-05-14T23:22:18+01:00,web-6dfb8f7c74-7m4cb,100m,14Mi
2026-05-14T23:22:18+01:00,web-6dfb8f7c74-9brb4,100m,14Mi
2026-05-14T23:22:18+01:00,web-6dfb8f7c74-c659m,95m,14Mi
2026-05-14T23:22:18+01:00,web-6dfb8f7c74-lmhjz,102m,14Mi
2026-05-14T23:22:18+01:00,web-6dfb8f7c74-zjt2v,94m,14Mi
2026-05-14T23:22:27+01:00,locust-driver-fvths,662m,79Mi
2026-05-14T23:22:27+01:00,web-6dfb8f7c74-2zdw6,90m,14Mi
2026-05-14T23:22:27+01:00,web-6dfb8f7c74-66b47,94m,14Mi
2026-05-14T23:22:27+01:00,web-6dfb8f7c74-7m4cb,104m,14Mi
2026-05-14T23:22:27+01:00,web-6dfb8f7c74-9brb4,97m,14Mi
2026-05-14T23:22:27+01:00,web-6dfb8f7c74-c659m,94m,14Mi
2026-05-14T23:22:27+01:00,web-6dfb8f7c74-lmhjz,102m,14Mi
2026-05-14T23:22:27+01:00,web-6dfb8f7c74-zjt2v,92m,14Mi
2026-05-14T23:22:35+01:00,locust-driver-fvths,662m,79Mi
2026-05-14T23:22:35+01:00,web-6dfb8f7c74-2zdw6,90m,14Mi
2026-05-14T23:22:35+01:00,web-6dfb8f7c74-66b47,94m,14Mi
2026-05-14T23:22:35+01:00,web-6dfb8f7c74-7m4cb,104m,14Mi
2026-05-14T23:22:35+01:00,web-6dfb8f7c74-9brb4,97m,14Mi
2026-05-14T23:22:35+01:00,web-6dfb8f7c74-c659m,94m,14Mi
2026-05-14T23:22:35+01:00,web-6dfb8f7c74-lmhjz,102m,14Mi
2026-05-14T23:22:35+01:00,web-6dfb8f7c74-zjt2v,92m,14Mi
2026-05-14T23:22:44+01:00,locust-driver-fvths,650m,79Mi
2026-05-14T23:22:44+01:00,web-6dfb8f7c74-2zdw6,90m,14Mi
2026-05-14T23:22:44+01:00,web-6dfb8f7c74-66b47,97m,14Mi
2026-05-14T23:22:44+01:00,web-6dfb8f7c74-7m4cb,104m,14Mi
2026-05-14T23:22:44+01:00,web-6dfb8f7c74-9brb4,96m,14Mi
2026-05-14T23:22:44+01:00,web-6dfb8f7c74-c659m,88m,14Mi
2026-05-14T23:22:44+01:00,web-6dfb8f7c74-lmhjz,94m,14Mi
2026-05-14T23:22:44+01:00,web-6dfb8f7c74-zjt2v,90m,14Mi
2026-05-14T23:22:53+01:00,locust-driver-fvths,650m,79Mi
2026-05-14T23:22:53+01:00,web-6dfb8f7c74-2zdw6,90m,14Mi
2026-05-14T23:22:53+01:00,web-6dfb8f7c74-66b47,97m,14Mi
2026-05-14T23:22:53+01:00,web-6dfb8f7c74-7m4cb,104m,14Mi
2026-05-14T23:22:53+01:00,web-6dfb8f7c74-9brb4,96m,14Mi
2026-05-14T23:22:53+01:00,web-6dfb8f7c74-c659m,88m,14Mi
2026-05-14T23:22:53+01:00,web-6dfb8f7c74-lmhjz,94m,14Mi
2026-05-14T23:22:53+01:00,web-6dfb8f7c74-zjt2v,90m,14Mi
2026-05-14T23:23:01+01:00,locust-driver-fvths,672m,79Mi
2026-05-14T23:23:01+01:00,web-6dfb8f7c74-2zdw6,89m,14Mi
2026-05-14T23:23:01+01:00,web-6dfb8f7c74-66b47,94m,14Mi
2026-05-14T23:23:01+01:00,web-6dfb8f7c74-7m4cb,102m,14Mi
2026-05-14T23:23:01+01:00,web-6dfb8f7c74-9brb4,109m,14Mi
2026-05-14T23:23:01+01:00,web-6dfb8f7c74-c659m,87m,14Mi
2026-05-14T23:23:01+01:00,web-6dfb8f7c74-lmhjz,99m,14Mi
2026-05-14T23:23:01+01:00,web-6dfb8f7c74-zjt2v,95m,14Mi
2026-05-14T23:23:08+01:00,locust-driver-fvths,672m,79Mi
2026-05-14T23:23:08+01:00,web-6dfb8f7c74-2zdw6,89m,14Mi
2026-05-14T23:23:08+01:00,web-6dfb8f7c74-66b47,94m,14Mi
2026-05-14T23:23:08+01:00,web-6dfb8f7c74-7m4cb,102m,14Mi
2026-05-14T23:23:08+01:00,web-6dfb8f7c74-9brb4,109m,14Mi
2026-05-14T23:23:08+01:00,web-6dfb8f7c74-c659m,87m,14Mi
2026-05-14T23:23:08+01:00,web-6dfb8f7c74-lmhjz,99m,14Mi
2026-05-14T23:23:08+01:00,web-6dfb8f7c74-zjt2v,95m,14Mi
2026-05-14T23:23:15+01:00,locust-driver-fvths,677m,79Mi
2026-05-14T23:23:15+01:00,web-6dfb8f7c74-2zdw6,96m,14Mi
2026-05-14T23:23:15+01:00,web-6dfb8f7c74-66b47,94m,14Mi
2026-05-14T23:23:15+01:00,web-6dfb8f7c74-7m4cb,103m,14Mi
2026-05-14T23:23:15+01:00,web-6dfb8f7c74-9brb4,101m,14Mi
2026-05-14T23:23:15+01:00,web-6dfb8f7c74-c659m,92m,14Mi
2026-05-14T23:23:15+01:00,web-6dfb8f7c74-lmhjz,95m,14Mi
2026-05-14T23:23:15+01:00,web-6dfb8f7c74-zjt2v,95m,14Mi
2026-05-14T23:23:25+01:00,locust-driver-fvths,677m,79Mi
2026-05-14T23:23:25+01:00,web-6dfb8f7c74-2zdw6,96m,14Mi
2026-05-14T23:23:25+01:00,web-6dfb8f7c74-66b47,94m,14Mi
2026-05-14T23:23:25+01:00,web-6dfb8f7c74-7m4cb,103m,14Mi
2026-05-14T23:23:25+01:00,web-6dfb8f7c74-9brb4,101m,14Mi
2026-05-14T23:23:25+01:00,web-6dfb8f7c74-c659m,92m,14Mi
2026-05-14T23:23:25+01:00,web-6dfb8f7c74-lmhjz,95m,14Mi
2026-05-14T23:23:25+01:00,web-6dfb8f7c74-zjt2v,95m,14Mi
2026-05-14T23:23:31+01:00,locust-driver-fvths,677m,79Mi
2026-05-14T23:23:31+01:00,web-6dfb8f7c74-2zdw6,94m,14Mi
2026-05-14T23:23:31+01:00,web-6dfb8f7c74-66b47,101m,14Mi
2026-05-14T23:23:31+01:00,web-6dfb8f7c74-7m4cb,107m,14Mi
2026-05-14T23:23:31+01:00,web-6dfb8f7c74-9brb4,98m,14Mi
2026-05-14T23:23:31+01:00,web-6dfb8f7c74-c659m,89m,14Mi
2026-05-14T23:23:31+01:00,web-6dfb8f7c74-lmhjz,104m,14Mi
2026-05-14T23:23:31+01:00,web-6dfb8f7c74-zjt2v,98m,14Mi
2026-05-14T23:23:37+01:00,locust-driver-fvths,677m,79Mi
2026-05-14T23:23:37+01:00,web-6dfb8f7c74-2zdw6,94m,14Mi
2026-05-14T23:23:37+01:00,web-6dfb8f7c74-66b47,101m,14Mi
2026-05-14T23:23:37+01:00,web-6dfb8f7c74-7m4cb,107m,14Mi
2026-05-14T23:23:37+01:00,web-6dfb8f7c74-9brb4,98m,14Mi
2026-05-14T23:23:37+01:00,web-6dfb8f7c74-c659m,89m,14Mi
2026-05-14T23:23:37+01:00,web-6dfb8f7c74-lmhjz,104m,14Mi
2026-05-14T23:23:37+01:00,web-6dfb8f7c74-zjt2v,98m,14Mi
2026-05-14T23:23:45+01:00,locust-driver-fvths,681m,79Mi
2026-05-14T23:23:45+01:00,web-6dfb8f7c74-2zdw6,94m,14Mi
2026-05-14T23:23:45+01:00,web-6dfb8f7c74-66b47,99m,14Mi
2026-05-14T23:23:45+01:00,web-6dfb8f7c74-7m4cb,103m,14Mi
2026-05-14T23:23:45+01:00,web-6dfb8f7c74-9brb4,101m,14Mi
2026-05-14T23:23:45+01:00,web-6dfb8f7c74-c659m,93m,14Mi
2026-05-14T23:23:45+01:00,web-6dfb8f7c74-lmhjz,98m,14Mi
2026-05-14T23:23:45+01:00,web-6dfb8f7c74-zjt2v,95m,14Mi
2026-05-14T23:23:54+01:00,locust-driver-fvths,681m,79Mi
2026-05-14T23:23:54+01:00,web-6dfb8f7c74-2zdw6,94m,14Mi
2026-05-14T23:23:54+01:00,web-6dfb8f7c74-66b47,99m,14Mi
2026-05-14T23:23:54+01:00,web-6dfb8f7c74-7m4cb,103m,14Mi
2026-05-14T23:23:54+01:00,web-6dfb8f7c74-9brb4,101m,14Mi
2026-05-14T23:23:54+01:00,web-6dfb8f7c74-c659m,93m,14Mi
2026-05-14T23:23:54+01:00,web-6dfb8f7c74-lmhjz,98m,14Mi
2026-05-14T23:23:54+01:00,web-6dfb8f7c74-zjt2v,95m,14Mi
2026-05-14T23:24:00+01:00,locust-driver-fvths,681m,79Mi
2026-05-14T23:24:00+01:00,web-6dfb8f7c74-2zdw6,92m,14Mi
2026-05-14T23:24:00+01:00,web-6dfb8f7c74-66b47,99m,14Mi
2026-05-14T23:24:00+01:00,web-6dfb8f7c74-7m4cb,110m,14Mi
2026-05-14T23:24:00+01:00,web-6dfb8f7c74-9brb4,101m,14Mi
2026-05-14T23:24:00+01:00,web-6dfb8f7c74-c659m,94m,14Mi
2026-05-14T23:24:00+01:00,web-6dfb8f7c74-lmhjz,100m,14Mi
2026-05-14T23:24:00+01:00,web-6dfb8f7c74-zjt2v,87m,14Mi
2026-05-14T23:24:08+01:00,locust-driver-fvths,681m,79Mi
2026-05-14T23:24:08+01:00,web-6dfb8f7c74-2zdw6,92m,14Mi
2026-05-14T23:24:08+01:00,web-6dfb8f7c74-66b47,99m,14Mi
2026-05-14T23:24:08+01:00,web-6dfb8f7c74-7m4cb,110m,14Mi
2026-05-14T23:24:08+01:00,web-6dfb8f7c74-9brb4,101m,14Mi
2026-05-14T23:24:08+01:00,web-6dfb8f7c74-c659m,94m,14Mi
2026-05-14T23:24:08+01:00,web-6dfb8f7c74-lmhjz,100m,14Mi
2026-05-14T23:24:08+01:00,web-6dfb8f7c74-zjt2v,87m,14Mi
2026-05-14T23:24:16+01:00,locust-driver-fvths,689m,79Mi
2026-05-14T23:24:16+01:00,web-6dfb8f7c74-2zdw6,90m,14Mi
2026-05-14T23:24:16+01:00,web-6dfb8f7c74-66b47,98m,14Mi
2026-05-14T23:24:16+01:00,web-6dfb8f7c74-7m4cb,101m,14Mi
2026-05-14T23:24:16+01:00,web-6dfb8f7c74-9brb4,101m,14Mi
2026-05-14T23:24:16+01:00,web-6dfb8f7c74-c659m,93m,14Mi
2026-05-14T23:24:16+01:00,web-6dfb8f7c74-lmhjz,100m,14Mi
2026-05-14T23:24:16+01:00,web-6dfb8f7c74-zjt2v,91m,14Mi
2026-05-14T23:24:22+01:00,locust-driver-fvths,689m,79Mi
2026-05-14T23:24:22+01:00,web-6dfb8f7c74-2zdw6,90m,14Mi
2026-05-14T23:24:22+01:00,web-6dfb8f7c74-66b47,98m,14Mi
2026-05-14T23:24:22+01:00,web-6dfb8f7c74-7m4cb,101m,14Mi
2026-05-14T23:24:22+01:00,web-6dfb8f7c74-9brb4,101m,14Mi
2026-05-14T23:24:22+01:00,web-6dfb8f7c74-c659m,93m,14Mi
2026-05-14T23:24:22+01:00,web-6dfb8f7c74-lmhjz,100m,14Mi
2026-05-14T23:24:22+01:00,web-6dfb8f7c74-zjt2v,91m,14Mi
2026-05-14T23:24:30+01:00,locust-driver-fvths,663m,79Mi
2026-05-14T23:24:30+01:00,web-6dfb8f7c74-2zdw6,96m,14Mi
2026-05-14T23:24:30+01:00,web-6dfb8f7c74-66b47,92m,14Mi
2026-05-14T23:24:30+01:00,web-6dfb8f7c74-7m4cb,98m,14Mi
2026-05-14T23:24:30+01:00,web-6dfb8f7c74-9brb4,101m,14Mi
2026-05-14T23:24:30+01:00,web-6dfb8f7c74-c659m,90m,14Mi
2026-05-14T23:24:30+01:00,web-6dfb8f7c74-lmhjz,96m,14Mi
2026-05-14T23:24:30+01:00,web-6dfb8f7c74-zjt2v,95m,14Mi
2026-05-14T23:24:39+01:00,locust-driver-fvths,663m,79Mi
2026-05-14T23:24:39+01:00,web-6dfb8f7c74-2zdw6,96m,14Mi
2026-05-14T23:24:39+01:00,web-6dfb8f7c74-66b47,92m,14Mi
2026-05-14T23:24:39+01:00,web-6dfb8f7c74-7m4cb,98m,14Mi
2026-05-14T23:24:39+01:00,web-6dfb8f7c74-9brb4,101m,14Mi
2026-05-14T23:24:39+01:00,web-6dfb8f7c74-c659m,90m,14Mi
2026-05-14T23:24:39+01:00,web-6dfb8f7c74-lmhjz,96m,14Mi
2026-05-14T23:24:39+01:00,web-6dfb8f7c74-zjt2v,95m,14Mi
2026-05-14T23:24:45+01:00,locust-driver-fvths,654m,79Mi
2026-05-14T23:24:45+01:00,web-6dfb8f7c74-2zdw6,90m,14Mi
2026-05-14T23:24:45+01:00,web-6dfb8f7c74-66b47,90m,14Mi
2026-05-14T23:24:45+01:00,web-6dfb8f7c74-7m4cb,96m,14Mi
2026-05-14T23:24:45+01:00,web-6dfb8f7c74-9brb4,95m,14Mi
2026-05-14T23:24:45+01:00,web-6dfb8f7c74-c659m,83m,14Mi
2026-05-14T23:24:45+01:00,web-6dfb8f7c74-lmhjz,96m,14Mi
2026-05-14T23:24:45+01:00,web-6dfb8f7c74-zjt2v,92m,14Mi
2026-05-14T23:24:54+01:00,locust-driver-fvths,654m,79Mi
2026-05-14T23:24:54+01:00,web-6dfb8f7c74-2zdw6,90m,14Mi
2026-05-14T23:24:54+01:00,web-6dfb8f7c74-66b47,90m,14Mi
2026-05-14T23:24:54+01:00,web-6dfb8f7c74-7m4cb,96m,14Mi
2026-05-14T23:24:54+01:00,web-6dfb8f7c74-9brb4,95m,14Mi
2026-05-14T23:24:54+01:00,web-6dfb8f7c74-c659m,83m,14Mi
2026-05-14T23:24:54+01:00,web-6dfb8f7c74-lmhjz,96m,14Mi
2026-05-14T23:24:54+01:00,web-6dfb8f7c74-zjt2v,92m,14Mi
2026-05-14T23:25:03+01:00,locust-driver-fvths,673m,79Mi
2026-05-14T23:25:03+01:00,web-6dfb8f7c74-2zdw6,97m,14Mi
2026-05-14T23:25:03+01:00,web-6dfb8f7c74-66b47,90m,14Mi
2026-05-14T23:25:03+01:00,web-6dfb8f7c74-7m4cb,106m,14Mi
2026-05-14T23:25:03+01:00,web-6dfb8f7c74-9brb4,97m,14Mi
2026-05-14T23:25:03+01:00,web-6dfb8f7c74-c659m,90m,14Mi
2026-05-14T23:25:03+01:00,web-6dfb8f7c74-lmhjz,97m,14Mi
2026-05-14T23:25:03+01:00,web-6dfb8f7c74-zjt2v,92m,14Mi
2026-05-14T23:25:09+01:00,locust-driver-fvths,673m,79Mi
2026-05-14T23:25:09+01:00,web-6dfb8f7c74-2zdw6,97m,14Mi
2026-05-14T23:25:09+01:00,web-6dfb8f7c74-66b47,90m,14Mi
2026-05-14T23:25:09+01:00,web-6dfb8f7c74-7m4cb,106m,14Mi
2026-05-14T23:25:09+01:00,web-6dfb8f7c74-9brb4,97m,14Mi
2026-05-14T23:25:09+01:00,web-6dfb8f7c74-c659m,90m,14Mi
2026-05-14T23:25:09+01:00,web-6dfb8f7c74-lmhjz,97m,14Mi
2026-05-14T23:25:09+01:00,web-6dfb8f7c74-zjt2v,92m,14Mi
2026-05-14T23:25:18+01:00,locust-driver-fvths,358m,1Mi
2026-05-14T23:25:18+01:00,web-6dfb8f7c74-2zdw6,15m,14Mi
2026-05-14T23:25:18+01:00,web-6dfb8f7c74-66b47,51m,14Mi
2026-05-14T23:25:18+01:00,web-6dfb8f7c74-7m4cb,101m,14Mi
2026-05-14T23:25:18+01:00,web-6dfb8f7c74-9brb4,57m,14Mi
2026-05-14T23:25:18+01:00,web-6dfb8f7c74-c659m,90m,14Mi
2026-05-14T23:25:18+01:00,web-6dfb8f7c74-lmhjz,27m,14Mi
2026-05-14T23:25:18+01:00,web-6dfb8f7c74-zjt2v,35m,14Mi
2026-05-14T23:25:25+01:00,locust-driver-fvths,358m,1Mi
2026-05-14T23:25:25+01:00,web-6dfb8f7c74-2zdw6,15m,14Mi
2026-05-14T23:25:25+01:00,web-6dfb8f7c74-66b47,51m,14Mi
2026-05-14T23:25:25+01:00,web-6dfb8f7c74-7m4cb,101m,14Mi
2026-05-14T23:25:25+01:00,web-6dfb8f7c74-9brb4,57m,14Mi
2026-05-14T23:25:25+01:00,web-6dfb8f7c74-c659m,90m,14Mi
2026-05-14T23:25:25+01:00,web-6dfb8f7c74-lmhjz,27m,14Mi
2026-05-14T23:25:25+01:00,web-6dfb8f7c74-zjt2v,35m,14Mi
2026-05-14T23:25:31+01:00,locust-driver-fvths,0m,1Mi
2026-05-14T23:25:31+01:00,web-6dfb8f7c74-2zdw6,1m,14Mi
2026-05-14T23:25:31+01:00,web-6dfb8f7c74-66b47,51m,14Mi
2026-05-14T23:25:31+01:00,web-6dfb8f7c74-7m4cb,1m,14Mi
2026-05-14T23:25:31+01:00,web-6dfb8f7c74-9brb4,1m,14Mi
2026-05-14T23:25:31+01:00,web-6dfb8f7c74-c659m,4m,14Mi
2026-05-14T23:25:31+01:00,web-6dfb8f7c74-lmhjz,1m,14Mi
2026-05-14T23:25:31+01:00,web-6dfb8f7c74-zjt2v,1m,14Mi
2026-05-14T23:25:39+01:00,locust-driver-fvths,0m,1Mi
2026-05-14T23:25:39+01:00,web-6dfb8f7c74-2zdw6,1m,14Mi
2026-05-14T23:25:39+01:00,web-6dfb8f7c74-66b47,51m,14Mi
2026-05-14T23:25:39+01:00,web-6dfb8f7c74-7m4cb,1m,14Mi
2026-05-14T23:25:39+01:00,web-6dfb8f7c74-9brb4,1m,14Mi
2026-05-14T23:25:39+01:00,web-6dfb8f7c74-c659m,4m,14Mi
2026-05-14T23:25:39+01:00,web-6dfb8f7c74-lmhjz,1m,14Mi
2026-05-14T23:25:39+01:00,web-6dfb8f7c74-zjt2v,1m,14Mi
